,Country,Lat,Long,GDP (billion USD),Real GDP 2020 (billion USD),Real GDP Per Capita 2020,Wasted Generated Annually (million tons),Wasted Recycled Annually (million tons),% of Wasted Recycled Annually,Net Waste,Particulate Matter Emissions (micrograms per m3),C02 Emissions (megatons),Methane  Emissions (megatons),Electricity by Unclean Energy (%),Electricity by Clean Energy (%),Urban Population (%),Net Migration,Total Agreement,Development Status
0,Algeria,28.0,3.0,169.91,468.4,10700.0,12.38,0.99,8.0,11.39,35.17,150.01,49.94,98.9,1.0999999999999943,74.8,-0.82,-0.82,Developing
1,Angola,-12.3,18.3,97.26,203.71,6200.0,4.21,0.0,0.0,,27.95,34.69,23.28,28.4,71.6,68.1,-0.19,-0.19,Developing
2,Botswana,-22.0,24.0,18.34,37.72,16000.0,0.21,0.0,1.0,,21.24,6.34,5.73,99.8,0.20000000000000284,72.2,2.81,2.81,Developing
3,Benin,9.3,2.15,10.31,40.29,3300.0,0.69,0.17,25.0,0.5199999999999999,33.11,6.48,5.8,96.9,3.0999999999999943,49.5,0.24,0.24,LDC
4,Burundi,-3.3,30.0,3.03,8.69,700.0,1.87,0.0,0.0,,35.61,0.5,1.42,33.3,66.7,14.4,7.09,7.09,LDC
5,Chad,15.0,19.0,10.91,24.97,1500.0,1.36,0.0,0.0,,53.01,1.02,30.69,96.8,3.200000000000003,24.1,-0.13,-0.13,LDC
6,Congo (Brazzaville),-1.0,15.0,8.72,19.03,3400.0,0.45,0.12,26.2,0.33,38.67,3.28,2.24,70.1,29.900000000000006,68.7,0.0,0.0,LDC
7,DRC,0.0,25.0,47.16,96.03,1100.0,14.39,0.7,4.9,13.690000000000001,37.62,2.02,61.24,0.1,99.9,46.8,-0.71,-0.71,LDC
8,Cameroon,6.0,12.0,34.99,94.94,3600.0,3.27,0.01,0.4,3.2600000000000002,65.26,8.29,30.71,32.5,67.5,58.7,-0.31,-0.31,LDC
9,Comoros,-12.1,44.15,1.19,2.73,3100.0,0.09,0.0,0.0,,18.6,0.2,0.19,100.0,0.0,29.9,-2.25,-2.25,LDC
10,none,7.0,21.0,1.94,4.48,900.0,1.11,0.0,0.0,,49.5,0.3,22.44,0.7,99.3,43.1,-3.22,-3.22,LDC
11,Cabo Verde,16.0,-24.0,1.97,3.36,6000.0,0.13,0.0,0.0,,31.99,0.54,0.13,80.2,19.799999999999997,67.5,-0.57,-0.57,Developing
12,Djibouti,11.3,43.0,3.32,5.42,5500.0,0.11,0.0,0.0,,40.38,0.62,0.52,98.2,1.7999999999999972,78.4,4.59,4.59,Developing
13,Egypt,27.0,30.0,323.76,1223.04,12000.0,21.0,2.62,12.5,18.38,79.28,238.56,59.68,88.7,11.299999999999997,43.0,-0.31,-0.31,Developing
14,Equatorial Guinea,2.0,10.0,10.63,23.86,17000.0,0.2,0.0,0.0,,45.9,5.65,11.21,89.4,10.599999999999994,74.0,13.96,13.96,Developing
15,Eritrea,15.0,39.0,5.81,9.7,1600.0,0.73,0.0,0.0,,42.4,0.71,4.48,93.8,6.200000000000003,42.6,-10.11,-10.11,LDC
16,Ethiopia,8.0,38.0,92.15,264.05,2300.0,6.53,0.0,0.0,,34.36,14.87,114.21,0.0,100.0,22.7,-0.19,-0.19,LDC
17,The Gambia,13.28,-16.34,1.75,5.22,2200.0,0.19,0.0,0.0,,32.2,0.53,1.96,98.9,1.0999999999999943,63.9,-0.04,-0.04,LDC
18,Gabon,-1.0,11.45,16.06,32.05,14400.0,0.24,0.0,0.0,,38.51,5.32,1.13,40.6,59.4,90.7,3.67,3.67,Developing
19,Ghana,8.0,-2.0,65.36,164.84,5300.0,3.54,0.0,0.0,,31.95,16.67,22.75,63.8,36.2,58.6,-0.16,-0.16,Developing
20,Guinea,11.0,-10.0,13.55,35.08,2700.0,0.6,0.03,5.0,0.57,22.43,3.0,11.13,22.2,77.8,37.7,0.0,0.0,LDC
21,Cote d'Ivoire,8.0,-5.0,42.5,136.48,5200.0,4.44,0.13,3.0,4.3100000000000005,23.72,9.67,10.3,75.6,24.400000000000006,52.7,1.18,1.18,Developing
22,Kenya,1.0,38.0,95.52,226.94,4200.0,5.6,0.45,8.0,5.1499999999999995,25.85,17.91,37.65,8.3,91.7,29.0,-0.19,-0.19,Developing
23,Liberia,6.3,-9.3,3.07,6.85,1400.0,0.56,0.0,0.0,,17.19,1.39,6.56,40.5,59.5,53.1,-2.74,-2.74,LDC
24,Lesotho,-29.3,28.3,2.46,4.88,2300.0,0.07,0.0,0.0,,27.78,2.51,2.56,0.0,100.0,29.9,-4.55,-4.55,LDC
25,Libya,25.0,17.0,52.26,70.65,10300.0,2.15,0.0,0.0,,44.17,50.56,45.76,100.0,0.0,81.3,-1.61,-1.61,Developing
26,Madagascar,-20.0,47.0,13.96,41.82,1500.0,3.77,0.0,0.0,,21.44,3.91,10.14,59.8,40.2,39.9,0.0,0.0,LDC
27,Malawi,-13.3,34.0,7.77,28.44,1500.0,1.3,0.0,0.0,,22.14,1.3,11.12,11.8,88.2,18.0,0.0,0.0,LDC
28,Mali,17.0,-4.0,17.51,44.89,2200.0,1.94,0.0,0.0,,31.17,3.18,19.16,67.4,32.599999999999994,45.4,-3.08,-3.08,LDC
29,Morocco,28.3,-10.0,118.86,259.42,6900.0,6.85,0.55,8.0,6.3,30.99,61.28,17.16,81.6,18.400000000000006,64.6,-1.74,-1.74,Developing
30,Mauritius,-20.17,57.33,14.0,24.64,19500.0,0.44,0.0,0.0,,13.54,4.35,2.06,75.4,24.599999999999994,40.8,0.0,0.0,Developing
31,Mauritania,20.0,-12.0,0.71,23.17,5000.0,0.45,0.04,8.0,0.41000000000000003,40.82,2.74,6.16,73.2,26.799999999999997,56.9,-0.72,-0.72,Developing
32,Mozambique,-18.15,35.0,14.96,38.42,1200.0,2.5,0.03,1.0,2.47,19.44,7.94,16.26,19.6,80.4,38.2,-1.58,-1.58,LDC
33,Niger,16.0,8.0,12.93,28.97,1200.0,1.87,0.07,4.0,1.8,70.8,2.02,22.99,94.1,5.900000000000006,16.9,-0.64,-0.64,LDC
34,Nigeria,10.0,8.0,475.06,1013.53,4900.0,27.61,0.0,0.0,,48.73,120.37,143.99,78.1,21.900000000000006,53.5,-0.21,-0.21,Developing
35,South Sudan,8.0,30.0,3.06,20.01,1600.0,2.68,0.0,0.0,,41.12,1.73,7.61,99.2,0.7999999999999972,20.8,20.97,20.97,LDC
36,Guinea-Bissau,12.0,-15.0,1.34,3.64,1800.0,0.29,0.0,0.0,,27.12,0.29,1.46,97.6,2.4000000000000057,45.0,-3.63,-3.63,LDC
37,Rwanda,-2.0,30.0,9.14,27.18,2100.0,4.38,0.0,0.0,,40.75,1.11,2.92,39.0,61.0,17.7,-3.21,-3.21,LDC
38,Seychelles,-4.35,55.4,1.75,2.4,24400.0,0.05,0.0,0.0,,18.72,0.61,0.1,99.1,0.9000000000000057,58.4,0.86,0.86,Developing
39,South Africa,-29.0,24.0,350.03,680.04,11500.0,18.46,5.17,28.0,13.290000000000001,23.58,476.64,55.89,87.9,12.099999999999994,68.3,0.0,0.0,Developing
40,Senegal,14.0,-14.0,23.58,55.26,3300.0,2.45,0.0,0.0,,37.52,10.9,11.74,84.8,15.200000000000003,49.1,-0.71,-0.71,LDC
41,Sierra Leone,8.3,-11.3,4.13,13.15,1600.0,0.61,0.0,0.0,,20.63,1.09,3.16,8.2,91.8,43.8,2.03,2.03,LDC
42,Somalia,10.0,49.0,7.05,13.19,800.0,2.33,0.0,0.0,,29.51,0.65,20.13,95.3,4.700000000000003,47.3,-2.18,-2.18,LDC
43,Sudan,15.0,30.0,24.92,176.4,4000.0,2.83,0.0,0.0,,47.92,20.0,75.1,43.5,56.5,36.0,-1.67,-1.67,LDC
44,Togo,8.0,1.1,5.23,17.45,2100.0,1.11,0.02,2.0,1.09,32.71,3.0,3.06,82.2,17.799999999999997,43.9,-1.81,-1.81,LDC
45,Sao Tome and Principe,1.0,7.0,0.0,0.89,4100.0,0.03,0.0,0.0,,25.66,0.12,0.04,89.5,10.5,75.8,-7.19,-7.19,Developing
46,Tunisia,34.0,9.0,38.88,114.97,9700.0,2.7,0.11,4.0,2.5900000000000003,35.66,29.94,7.89,95.9,4.099999999999994,70.2,-1.33,-1.33,Developing
47,Tanzania,-6.0,35.0,60.63,152.79,2600.0,9.28,0.0,0.0,,25.59,11.97,59.08,65.0,35.0,36.7,-0.41,-0.41,LDC
48,Uganda,1.0,32.0,34.68,99.61,2200.0,7.05,0.42,6.0,6.63,48.41,5.68,30.24,1.3,98.7,26.2,-3.26,-3.26,LDC
49,Burkina Faso,13.0,-2.0,14.27,45.16,2200.0,2.58,0.31,12.0,2.27,36.78,3.42,12.85,89.4,10.599999999999994,31.9,-0.61,-0.61,LDC
50,Namibia,-22.0,17.0,12.37,22.6,8900.0,0.26,0.01,4.5,0.25,22.59,4.23,10.4,6.1,93.9,54.0,0.0,0.0,Developing
51,Eswatini,-26.3,31.3,4.48,9.74,8400.0,0.22,0.0,0.0,,16.26,1.16,1.9,44.1,55.9,24.6,-6.16,-6.16,Developing
52,Zambia,-15.0,30.0,25.71,60.12,3300.0,2.61,0.0,0.0,,24.7,5.14,14.1,13.0,87.0,45.8,0.24,0.24,LDC
53,Zimbabwe,-20.0,30.0,21.44,40.79,2700.0,1.45,0.23,16.0,1.22,19.35,10.98,12.1,32.9,67.1,32.4,-4.83,-4.83,LDC
54,Australia,-27.0,133.0,1390.79,1250.9,48700.0,13.35,5.62,42.1,7.7299999999999995,7.19,375.91,105.01,75.4,24.599999999999994,86.5,6.93,6.93,Developed
55,Solomon Islands,-8.0,159.0,1.3,1.71,2500.0,0.18,0.0,0.0,,10.67,0.17,0.43,94.8,5.200000000000003,25.6,-1.55,-1.55,LDC
56,Fiji,-18.0,175.0,4.89,9.86,11000.0,0.19,0.01,5.5,0.18,10.19,2.05,0.95,41.9,58.1,58.2,-5.84,-5.84,Developing
57,Kiribati,1.25,173.0,0.2,0.27,2300.0,0.04,0.0,0.0,,10.45,0.07,0.02,84.9,15.099999999999994,57.1,-2.8,-2.8,LDC
58,Vanuatu,-16.0,167.0,0.87,0.85,2800.0,0.07,0.03,37.0,0.04000000000000001,10.31,0.15,0.5,84.5,15.5,25.8,-1.3,-1.3,LDC
59,Nauru,-0.32,166.55,0.11,0.15,13500.0,0.01,0.0,0.0,,12.53,0.05,0.01,100.0,0.0,100.0,-10.6,-10.6,Developing
60,New Zealand,-41.0,174.0,205.2,215.6,42400.0,3.4,0.0,0.0,,5.73,34.38,34.3,19.5,80.5,86.9,5.83,5.83,Developed
61,Tonga,-20.0,-175.0,0.46,0.67,6400.0,0.02,0.0,0.0,,10.08,0.13,0.12,100.0,0.0,23.1,-18.01,-18.01,Developing
62,Samoa,-13.35,-172.2,0.84,1.25,6300.0,0.03,0.01,36.0,0.019999999999999997,10.56,0.25,0.27,72.7,27.299999999999997,17.6,-7.51,-7.51,Developing
63,Antigua and Barbuda,17.03,-61.48,1.52,1.76,18000.0,0.03,0.0,0.0,,17.92,0.56,0.22,95.4,4.599999999999994,24.3,2.03,2.03,Developing
64,Barbados,13.1,-59.32,4.99,3.7,12900.0,0.17,0.02,9.0,0.15000000000000002,22.24,1.28,2.35,95.9,4.099999999999994,31.3,-0.29,-0.29,Developing
65,The Bahamas,24.15,-76.0,12.16,12.1,30800.0,0.26,0.0,0.0,,17.56,1.79,0.23,99.8,0.20000000000000284,83.5,0.0,0.0,Developing
66,Belize,17.15,-88.45,1.85,2.43,6100.0,0.1,0.0,0.0,,21.23,0.57,0.55,63.6,36.4,46.4,-0.96,-0.96,Developing
67,Costa Rica,10.0,-84.0,61.85,100.25,19700.0,1.46,0.02,1.3,1.44,15.85,8.02,5.61,0.2,99.8,82.0,0.77,0.77,Developing
68,Cuba,21.3,-80.0,93.79,137.0,12300.0,2.69,0.26,9.5,2.4299999999999997,18.37,28.28,9.3,95.5,4.5,77.4,-2.92,-2.92,Developing
69,Dominica,15.25,-61.2,0.56,0.71,9900.0,0.01,0.0,0.0,,18.17,0.18,0.04,74.8,25.200000000000003,71.7,-5.31,-5.31,Developing
70,The Dominican,19.0,-70.4,88.96,184.45,17000.0,4.06,0.33,8.2,3.7299999999999995,12.95,25.26,8.1,93.4,6.599999999999994,83.8,-2.68,-2.68,Developing
71,El Salvador,13.5,-88.55,27.02,52.26,8100.0,1.65,0.0,0.0,,23.42,7.17,4.71,28.2,71.8,74.8,-6.29,-6.29,Developing
72,Grenada,12.07,-61.4,1.12,1.7,15100.0,0.03,0.0,0.0,,21.56,0.27,2.04,98.3,1.7000000000000028,36.9,-2.43,-2.43,Developing
73,Guatemala,15.3,-90.15,76.68,141.5,8400.0,2.76,0.0,0.0,,23.59,16.78,10.7,39.4,60.6,52.7,-1.66,-1.66,Developing
74,Haiti,19.0,-72.25,8.61,31.62,2800.0,2.31,0.0,0.0,,14.63,2.98,6.12,85.8,14.200000000000003,58.8,-1.88,-1.88,LDC
75,Honduras,15.0,-86.3,25.14,50.89,5100.0,2.16,0.0,0.0,,20.12,9.81,7.72,46.7,53.3,59.6,-1.34,-1.34,Developing
76,Jamaica,18.15,-77.3,15.85,25.89,8700.0,1.05,0.0,0.0,,13.25,8.23,1.08,87.5,12.5,57.0,-7.7,-7.7,Developing
77,Nicaragua,13.0,-85.0,12.57,34.98,5300.0,1.53,0.0,0.0,,16.87,5.59,6.46,37.8,62.2,59.6,-2.15,-2.15,Developing
78,Panama,9.0,-80.0,66.8,109.52,25400.0,1.47,0.0,0.0,,11.18,10.71,5.97,24.5,75.5,69.1,3.42,3.42,Developing
79,Saint Kitts and Nevis,17.2,-62.45,0.96,1.24,23300.0,0.03,0.0,0.0,,12.31,0.24,0.1,96.3,3.700000000000003,31.0,1.16,1.16,Developing
80,Saint Lucia,13.53,-60.58,1.69,2.25,12300.0,0.08,0.0,0.0,,21.22,0.41,0.27,99.1,0.9000000000000057,19.0,-1.09,-1.09,Developing
81,Trinidad and Tobago,11.0,-61.0,24.03,33.21,23700.0,0.73,0.0,0.0,,22.04,43.87,1.35,99.9,0.09999999999999432,53.3,-1.01,-1.01,Developing
82,Saint Vincent and the Grenadines,13.15,-61.12,0.79,1.34,12100.0,0.03,0.0,0.0,,21.2,0.22,0.09,73.5,26.5,53.9,-6.47,-6.47,Developing
83,Kyrgyzstan,41.0,75.0,8.44,31.02,4700.0,1.11,0.0,0.0,,18.12,9.79,4.47,8.5,91.5,37.5,-4.87,-4.87,Developing
84,Kazakhstan,48.0,68.0,181.19,475.18,25300.0,4.66,0.14,2.9,4.5200000000000005,11.32,247.21,45.03,88.2,11.799999999999997,58.0,0.39,0.39,Developing
85,Russia,60.0,100.0,1702.36,3875.69,26500.0,60.0,2.7,4.5,57.3,13.75,1732.03,851.52,59.4,40.6,75.1,1.7,1.7,Developing
86,Tajikistan,39.0,71.0,2.52,34.88,3700.0,1.79,0.0,0.0,,40.05,5.31,4.87,8.7,91.3,28.0,-1.03,-1.03,LDC
87,Turkmenistan,40.0,60.0,40.82,92.33,15500.0,0.5,0.0,0.0,,19.02,70.63,52.09,100.0,0.0,53.5,-1.71,-1.71,Developing
88,Uzbekistan,41.0,64.0,57.79,239.42,7000.0,4.0,0.0,0.0,,25.29,91.81,96.16,88.1,11.900000000000006,50.5,-1.78,-1.78,Developing
89,Burma,22.0,98.0,76.61,247.24,4500.0,4.68,0.0,0.0,,34.69,25.28,42.2,52.6,47.4,31.8,-1.37,-1.37,Developing
90,Brunei,4.3,114.4,12.13,27.23,62200.0,0.22,0.0,0.0,,5.78,7.66,8.4,100.0,0.0,78.9,2.18,2.18,Developed
91,Cambodia,13.0,105.0,22.09,70.08,4200.0,1.09,0.0,0.0,,23.98,9.92,14.88,52.0,48.0,25.1,-2.7,-2.7,Developing
92,China,35.0,105.0,14327.36,23009.78,16400.0,210.0,0.0,0.0,,49.16,9893.04,1490.24,66.0,34.0,63.6,-0.11,-0.11,Developing
93,Indonesia,-5.0,120.0,1119.72,3130.47,11400.0,65.2,4.56,7.0,60.64,15.58,563.32,244.5,82.3,17.700000000000003,57.9,-0.71,-0.71,Developing
94,Japan,36.0,138.0,5078.68,5224.85,41400.0,43.98,2.16,4.9,41.81999999999999,11.45,1135.89,29.99,73.5,26.5,92.0,0.74,0.74,Developed
95,South Korea,37.0,127.3,1646.6,2187.8,42300.0,18.22,10.57,58.0,7.649999999999999,24.57,620.3,30.28,64.8,35.2,81.4,2.63,2.63,Developed
96,Laos,18.0,105.0,16.97,56.79,7800.0,0.35,0.04,10.0,0.31,24.49,17.76,9.0,35.6,64.4,37.6,-1.17,-1.17,Developing
97,Mongolia,46.0,105.0,11.14,37.6,11500.0,2.9,0.0,0.0,,40.42,25.37,13.72,89.2,10.799999999999997,68.9,-0.77,-0.77,Developing
98,Malaysia,2.3,112.3,364.63,855.6,26400.0,12.98,2.27,17.5,10.71,16.04,248.29,51.51,87.5,12.5,78.2,1.48,1.48,Developing
99,Papua New Guinea,-6.0,147.0,19.82,36.69,4100.0,1.0,0.02,2.0,0.98,10.91,7.54,11.05,80.2,19.799999999999997,13.6,0.0,0.0,Developing
100,Philippines,13.0,122.0,377.2,871.56,8000.0,14.63,4.1,28.0,10.530000000000001,18.38,122.29,51.32,77.6,22.400000000000006,48.0,0.13,0.13,Developing
101,Singapore,1.22,103.48,372.09,531.04,93400.0,7.7,4.7,61.0,3.0,18.26,37.54,4.4,96.5,3.5,100.0,4.22,4.22,Developed
102,Thailand,15.0,100.0,543.8,1206.62,17300.0,26.85,5.13,19.1,21.720000000000002,26.23,283.76,86.98,83.3,16.700000000000003,52.9,-0.13,-0.13,Developing
103,Timor-Leste,-8.5,125.55,2.77,4.19,3200.0,0.06,0.0,0.0,,17.88,0.5,4.74,100.0,0.0,32.1,-3.82,-3.82,LDC
104,Vietnam,16.1,107.5,259.96,798.21,8200.0,9.57,2.2,23.0,7.37,29.66,192.67,110.4,70.7,29.299999999999997,38.8,-0.22,-0.22,Developing
105,Albania,41.0,20.0,15.27,37.73,13300.0,1.14,0.0,0.0,,17.87,4.54,2.55,0.0,100.0,63.8,-3.23,-3.23,Developing
106,Austria,47.2,13.2,445.02,463.12,51900.0,4.84,1.24,25.7,3.5999999999999996,12.43,61.45,6.34,17.4,82.6,59.3,3.55,3.55,Developed
107,Belgium,50.5,4.0,533.03,557.11,48200.0,4.71,1.61,34.3,3.0999999999999996,12.88,96.89,7.78,33.1,66.9,98.2,4.38,4.38,Developed
108,Bosnia and Herzegovina,44.0,18.0,20.08,47.05,14300.0,1.25,0.0,0.0,,27.25,21.85,2.92,62.8,37.2,49.8,-0.38,-0.38,Developing
109,Belarus,53.0,28.0,63.17,179.97,19100.0,4.28,0.68,16.0,3.6,18.06,58.28,17.19,95.8,4.200000000000003,80.3,0.72,0.72,Developing
110,Bulgaria,43.0,25.0,68.49,155.06,22400.0,3.01,0.57,19.0,2.44,18.82,41.71,6.77,36.5,63.5,76.4,-0.29,-0.29,Developing
111,Cyprus,35.0,33.0,24.95,33.67,37700.0,0.54,0.07,13.3,0.47000000000000003,16.79,6.63,0.86,86.8,13.200000000000003,66.9,6.96,6.96,Developed
112,Denmark,56.0,10.0,350.04,326.2,55900.0,4.49,1.22,27.3,3.2700000000000005,10.12,31.79,6.54,14.8,85.2,88.4,2.73,2.73,Developed
113,Ireland,53.0,-8.0,398.48,447.97,89700.0,2.69,0.89,33.0,1.7999999999999998,8.26,37.71,13.67,57.8,42.2,64.2,3.79,3.79,Developed
114,Estonia,59.0,26.0,31.46,47.44,35600.0,0.47,0.12,24.7,0.35,6.74,16.59,0.99,55.8,44.2,69.6,-2.79,-2.79,Developing
115,Czechia,49.45,15.3,250.63,409.97,38300.0,3.34,0.85,25.5,2.4899999999999998,15.15,102.22,13.11,47.0,53.0,74.4,2.32,2.32,Developed
116,Finland,64.0,26.0,269.26,261.39,47300.0,2.74,0.77,28.1,1.9700000000000002,5.88,45.87,4.46,13.4,86.6,85.7,2.35,2.35,Developed
117,Germany,51.0,9.0,3860.92,4238.8,50900.0,51.05,24.42,47.8,26.629999999999995,11.71,727.97,49.92,40.5,59.5,77.6,1.78,1.78,Developed
118,Greece,39.0,22.0,209.79,292.4,27300.0,5.48,1.04,19.0,4.44,15.69,62.43,9.8,56.5,43.5,80.4,1.0,1.0,Developing
119,Croatia,45.1,15.3,60.69,107.11,26500.0,1.65,0.27,16.3,1.38,17.03,17.49,3.98,41.0,59.0,58.2,-0.5,-0.5,Developing
120,Hungary,47.0,20.0,163.25,302.32,31000.0,3.71,0.96,25.9,2.75,15.62,45.54,7.25,36.1,63.9,72.6,1.23,1.23,Developing
121,Iceland,65.0,-18.0,24.61,19.16,52300.0,0.53,0.29,55.8,0.24000000000000005,5.94,2.06,0.59,0.0,100.0,94.0,2.89,2.89,Developed
122,Latvia,57.0,25.0,34.08,56.92,29900.0,0.86,0.18,21.2,0.6799999999999999,12.72,7.0,1.85,33.4,66.6,68.5,-5.19,-5.19,Developing
123,Lithuania,56.0,24.0,54.6,102.66,36700.0,1.3,0.3,22.9,1.0,11.49,12.96,3.15,38.0,62.0,68.5,-4.54,-4.54,Developed
124,Slovakia,48.4,19.3,105.39,165.57,30300.0,1.78,0.14,7.6,1.6400000000000001,17.54,32.42,4.43,19.7,80.3,53.9,0.2,0.2,Developing
125,Luxembourg,49.45,6.1,71.09,69.72,110300.0,0.36,0.1,28.4,0.26,10.21,8.99,0.61,13.8,86.2,91.9,12.01,12.01,Developed
126,Moldova,47.0,29.0,11.98,32.26,12300.0,3.98,0.61,15.3,3.37,15.97,5.12,3.29,93.6,6.400000000000006,43.2,-8.87,-8.87,Developing
127,Montenegro,42.3,19.18,5.49,11.36,18300.0,0.33,0.02,5.4,0.31,20.17,2.02,0.75,42.3,57.7,68.2,-4.97,-4.97,Developing
128,North Macedonia,41.5,22.0,12.7,33.02,15800.0,0.8,0.0,0.2,,28.34,7.05,2.28,71.4,28.599999999999994,59.1,0.38,0.38,Developing
129,Malta,35.5,14.35,14.99,20.6,39200.0,0.27,0.02,6.7,0.25,13.97,1.34,0.2,88.5,11.5,94.9,5.49,5.49,Developed
130,Netherlands,52.31,5.46,907.04,945.48,54200.0,8.86,2.18,24.6,6.68,12.07,170.78,17.79,68.3,31.700000000000003,92.9,1.9,1.9,Developed
131,Norway,62.0,10.0,405.69,342.06,63600.0,2.19,0.57,26.2,1.62,7.02,41.02,4.81,1.2,98.8,83.7,3.92,3.92,Developed
132,Poland,52.0,20.0,595.72,1223.46,32200.0,10.86,2.87,26.4,7.989999999999999,20.54,299.04,46.62,79.8,20.200000000000003,60.1,-0.33,-0.33,Developing
133,Portugal,39.3,-8.0,237.7,331.64,32200.0,4.71,0.76,16.2,3.95,7.87,48.74,10.93,39.0,61.0,67.4,0.91,0.91,Developing
134,Serbia,44.0,21.0,51.45,125.8,18200.0,1.84,0.01,0.8,1.83,24.27,45.22,11.96,69.2,30.799999999999997,56.9,0.0,0.0,Developing
135,Romania,46.0,25.0,249.54,556.07,28800.0,4.89,0.28,5.7,4.609999999999999,14.29,69.26,27.62,32.1,67.9,54.5,-4.36,-4.36,Developing
136,Slovenia,46.07,14.49,54.16,76.75,36500.0,0.93,0.43,46.4,0.5,15.81,12.63,2.1,27.2,72.8,55.8,1.54,1.54,Developed
137,Spain,40.0,-4.0,1393.35,1.72,36200.0,20.15,3.39,16.8,16.759999999999998,9.48,244.0,36.94,32.4,67.6,81.3,4.35,4.35,Developing
138,Sweden,62.0,15.0,531.35,524.75,50700.0,4.38,1.42,32.4,2.96,5.89,43.25,4.42,1.0,99.0,88.5,3.6,3.6,Developed
139,Switzerland,47.0,8.0,731.5,590.71,68400.0,6.06,1.94,32.0,4.119999999999999,10.21,34.48,4.98,0.8,99.2,74.1,4.52,4.52,Developed
140,United Kingdom,54.0,-2.0,2827.92,2797.98,41600.0,31.57,8.6,27.3,22.97,10.53,379.02,49.16,37.8,62.2,84.4,3.59,3.59,Developed
141,Ukraine,49.0,32.0,155.08,516.68,12400.0,15.24,0.49,3.2,14.75,18.29,202.25,63.37,37.6,62.4,69.9,-0.26,-0.26,Developing
142,none,24.0,54.0,421.08,655.79,67100.0,5.41,1.08,20.0,4.33,39.44,206.32,56.55,95.7,4.299999999999997,87.5,-3.45,-3.45,Developed
143,Azerbaijan,40.3,47.3,48.1,138.51,13700.0,2.93,0.0,0.0,,18.2,37.62,44.87,94.2,5.799999999999997,57.2,0.0,0.0,Developing
144,Armenia,40.0,45.0,13.69,37.31,12600.0,0.49,0.0,0.0,,30.48,5.16,2.91,40.6,59.4,63.6,-5.36,-5.36,Developing
145,Bahrain,26.0,50.33,38.47,69.65,40900.0,0.95,0.08,8.0,0.87,69.04,31.69,15.47,100.0,0.0,89.7,-0.82,-0.82,Developed
146,Georgia,42.0,43.3,17.69,52.33,14100.0,0.8,0.0,0.0,,21.2,10.13,6.05,25.3,74.7,60.3,0.06,0.06,Developing
147,Iran,32.0,53.0,581.25,1044.31,12400.0,17.89,0.89,5.0,17.0,35.09,661.71,158.71,88.7,11.299999999999997,76.8,-0.3,-0.3,Developing
148,Israel,31.3,34.45,394.93,353.39,38300.0,5.4,1.35,25.0,4.050000000000001,19.46,65.17,13.02,93.7,6.299999999999997,92.8,2.02,2.02,Developed
149,Iraq,33.0,44.0,231.99,372.27,9300.0,13.14,0.0,0.0,,57.73,190.06,17.44,97.8,2.200000000000003,71.4,-0.83,-0.83,Developing
150,Jordan,31.0,36.0,44.57,100.16,9800.0,2.53,0.18,7.0,2.3499999999999996,32.09,25.11,6.04,83.5,16.5,91.8,-11.08,-11.08,Developing
151,Kuwait,29.3,45.45,134.64,209.74,49900.0,1.75,0.0,0.0,,57.17,98.73,6.21,99.9,0.09999999999999432,100.0,-3.87,-3.87,Developed
152,Lebanon,33.5,35.5,53.25,79.51,11600.0,2.04,0.16,8.0,1.8800000000000001,30.67,24.8,3.37,94.3,5.700000000000003,89.3,-0.94,-0.94,Developing
153,Oman,21.0,57.0,76.88,135.79,27300.0,1.73,0.0,0.0,,38.25,63.46,5.6,100.0,0.0,87.8,-0.45,-0.45,Developing
154,Qatar,25.3,51.15,191.29,245.66,85300.0,1.0,0.03,3.0,0.97,90.35,103.26,8.34,100.0,0.0,99.3,2.45,2.45,Developed
155,Saudi Arabia,25.0,45.0,792.85,1543.24,44300.0,16.13,2.42,15.0,13.709999999999999,78.38,563.45,45.47,99.9,0.09999999999999432,84.7,5.52,5.52,Developed
156,Syria,35.0,38.0,24.6,50.28,2900.0,4.5,0.11,2.5,4.39,39.43,28.83,12.93,95.1,4.900000000000006,56.8,40.58,40.58,LDC
157,Turkey,39.0,35.0,760.03,2393.96,28400.0,31.28,0.0,0.0,,41.97,372.72,57.53,56.2,43.8,77.0,-1.54,-1.54,Developing
158,Yemen,15.0,48.0,54.36,73.63,2500.0,4.84,0.39,8.0,4.45,44.96,10.61,8.03,84.6,15.400000000000006,39.2,-0.19,-0.19,LDC
159,Canada,60.0,-95.0,1741.87,1742.79,45900.0,25.1,5.17,20.6,19.93,6.48,544.89,101.82,16.5,83.5,81.8,5.46,5.46,Developed
160,Mexico,23.0,-102.0,1269.96,2306.32,17900.0,53.1,2.65,5.0,50.45,20.08,486.41,135.77,75.7,24.299999999999997,81.3,-0.76,-0.76,Developing
161,United States,38.0,-97.0,21433.23,19846.72,60200.0,258.0,89.27,34.6,168.73000000000002,7.4,5006.3,685.74,59.9,40.1,83.1,3.02,3.02,Developed
162,Argentina,-34.0,-64.0,447.47,893.31,19700.0,17.91,1.07,6.0,16.84,11.83,201.35,120.66,65.8,34.2,92.3,-0.08,-0.08,Developing
163,Bolivia,-17.0,-65.0,40.82,92.59,7900.0,2.22,0.27,12.1,1.9500000000000002,20.24,21.61,21.01,64.4,35.599999999999994,70.8,-0.98,-0.98,Developing
164,Brazil,-10.0,-55.0,1877.94,2989.43,14100.0,79.89,1.12,1.4,78.77,11.49,462.3,401.83,11.8,88.2,87.6,-0.19,-0.19,Developing
165,Chile,-30.0,-71.0,282.65,445.88,23300.0,6.52,0.02,0.4,6.5,21.03,85.82,15.97,51.9,48.1,87.9,0.33,0.33,Developing
166,Colombia,4.0,-72.0,323.25,683.94,13400.0,12.15,2.09,17.2,10.06,15.24,97.81,81.52,32.9,67.1,82.0,-1.58,-1.58,Developing
167,Ecuador,-2.0,-77.3,107.44,182.24,10300.0,5.3,0.68,12.9,4.62,14.91,41.15,23.51,21.0,79.0,64.6,0.0,0.0,Developing
168,Guyana,5.0,-59.0,3.56,14.69,18700.0,0.18,0.0,0.5,,20.46,2.38,1.81,97.4,2.5999999999999943,27.0,-7.42,-7.42,Developing
169,Suriname,4.0,-56.0,3.42,9.46,16100.0,0.08,0.0,0.0,,23.6,1.74,2.28,40.5,59.5,66.3,2.54,2.54,Developing
170,Paraguay,-23.0,-58.0,38.94,87.98,12300.0,1.82,0.0,0.0,,11.16,7.41,27.65,0.0,100.0,62.8,-0.07,-0.07,Developing
171,Peru,-10.0,-76.0,230.71,371.29,11300.0,8.36,0.33,4.0,8.03,24.27,57.41,30.17,38.5,61.5,78.7,-0.75,-0.75,Developing
172,Uruguay,-33.0,-56.0,56.11,75.06,21600.0,1.26,0.1,8.0,1.16,8.63,6.77,25.59,2.0,98.0,95.7,-0.88,-0.88,Developing
173,Venezuela,8.0,-66.0,210.1,269.07,7704.0,9.78,0.0,0.0,,15.82,164.18,68.66,30.5,69.5,88.4,13.88,13.88,Developing
174,Afghanistan,33.0,65.0,20.24,77.04,2000.0,5.63,0.0,0.0,,53.17,8.67,90.98,15.9,84.1,26.6,-0.1,-0.1,LDC
175,Bangladesh,24.0,90.0,329.55,793.49,4800.0,14.78,0.0,0.0,,58.33,84.25,59.3,98.6,1.4000000000000057,39.7,-2.9,-2.9,Developing
176,Bhutan,27.3,90.3,2.4,8.42,10900.0,0.11,0.0,0.9,,35.32,1.26,1.11,0.0,100.0,43.7,0.0,0.0,Developing
177,Sri Lanka,7.0,81.0,84.02,274.8,12500.0,2.63,0.34,12.8,2.29,15.25,23.36,10.95,64.0,36.0,19.0,-1.22,-1.22,Developing
178,India,20.0,77.0,2835.93,8443.36,6100.0,168.4,8.42,5.0,159.98000000000002,65.2,2407.67,559.11,75.5,24.5,35.9,0.16,0.16,Developing
179,Maldives,3.15,73.0,4.5,7.05,13000.0,0.21,0.0,0.0,,7.63,1.44,0.14,99.6,0.4000000000000057,41.5,-12.78,-12.78,Developing
180,Nepal,28.0,84.0,24.88,110.72,3800.0,1.77,0.0,0.0,,94.33,9.11,41.15,0.0,100.0,21.5,-4.21,-4.21,LDC
181,Pakistan,30.0,70.0,253.18,1021.13,4600.0,30.76,2.46,8.0,28.3,55.21,201.15,142.12,55.2,44.8,37.7,-0.96,-0.96,Developing
